﻿"KEMENTERIAN AGAMA REPUBLIK INDONESIA
UNIVERSITAS ISLAM NEGERI PALOPO
Jl. Agatis Kel. Balandai Kec. Bara Kota Palopo 91914
Email : kontak@uinpalopo.ac.id web: www.uinpalopo.ac.id",,,,,,,,,,,,,,
DAFTAR MAHASISWA BIMBINGAN PERIODE 2025 GANJIL,,,,,,,,,,,,,,
Fakultas                          :   Fakultas Syariah                                                                                                            Status PA                       :   Semua Status PA,,,,,,,,,,,,,,
Status KRS                    :   Semua Status KRS,,,,,,,,,,,,,,
No.,NIM,Nama,Program Studi,Angkatan,Status Smt.,Smt.,SKS,Batas SKS,Total SKS,IPS,IPK,"KRS
Disetujui?",Pembimbing Akademik,
1,18 0301 0015,Salsabila Syamsuddin,"Hukum Keluarga
(Akhwal Syakhsiyyah)",2018,N,15,0,24,96,0.00,3.47,,"2002057203 - Prof. Dr. A.
SUKMAWATI ASSAAD, S.AG., M.PD",
2,18 0301 0032,Hasriani,"Hukum Keluarga
(Akhwal Syakhsiyyah)",2018,N,15,0,24,152,0.00,3.61,,"2015058001 - SABARUDDIN, S.HI., M.HI",
3,18 0301 0035,Wiranto,"Hukum Keluarga
(Akhwal Syakhsiyyah)",2018,N,15,0,24,132,0.00,3.11,,"2015058001 - SABARUDDIN, S.HI., M.HI",
4,18 0301 0036,Ilham Adnan Zaiman,"Hukum Keluarga
(Akhwal Syakhsiyyah)",2018,N,15,0,24,98,0.00,3.27,,"2015058001 - SABARUDDIN, S.HI., M.HI",
5,18 0301 0039,Rini Antika Sari,"Hukum Keluarga
(Akhwal Syakhsiyyah)",2018,N,15,0,24,80,0.00,3.52,,"2001027703 - Dr. FIRMAN MUHAMMAD ARIF, Lc., M.HI",
6,18 0301 0050,Rahmawati,"Hukum Keluarga
(Akhwal Syakhsiyyah)",2018,N,15,0,24,96,0.00,3.18,,"2001027703 - Dr. FIRMAN MUHAMMAD ARIF, Lc., M.HI",
7,18 0301 0051,Zulaika,"Hukum Keluarga
(Akhwal Syakhsiyyah)",2018,N,15,0,24,96,0.00,3.08,,"2001027703 - Dr. FIRMAN MUHAMMAD ARIF, Lc., M.HI",
8,18 0301 0054,Aprilia Dili Akoit,"Hukum Keluarga
(Akhwal Syakhsiyyah)",2018,N,15,0,24,148,0.00,3.40,,"0928119101 - Ulfa, S.Sos.,M.Si",
9,18 0301 0065,Finki Kumala Balisa,"Hukum Keluarga
(Akhwal Syakhsiyyah)",2018,N,15,0,24,96,0.00,3.50,,"2001027703 - Dr. FIRMAN MUHAMMAD ARIF, Lc., M.HI",
10,18 0301 0066,Nismawati Wallung,"Hukum Keluarga
(Akhwal Syakhsiyyah)",2018,N,15,0,24,154,0.00,3.40,,"2007037002 - Dr.,Dra. HELMI KAMAL, M.HI",
11,18 0301 0072,Dila Nurmalasari,"Hukum Keluarga
(Akhwal Syakhsiyyah)",2018,N,15,0,24,96,0.00,3.50,,"2001027703 - Dr. FIRMAN MUHAMMAD ARIF, Lc., M.HI",
12,18 0301 0079,Muh. Fahri Asyay T,"Hukum Keluarga
(Akhwal Syakhsiyyah)",2018,N,15,0,24,108,0.00,3.22,,"2017029003 - RIZKA AMELIA ARMIN, M.Si",
13,18 0301 0084,Yulia Sari,"Hukum Keluarga
(Akhwal Syakhsiyyah)",2018,N,15,0,24,96,0.00,3.48,,"2017029003 - RIZKA AMELIA ARMIN, M.Si",
14,18 0301 0085,Kurnia,"Hukum Keluarga
(Akhwal Syakhsiyyah)",2018,N,15,0,24,96,0.00,3.00,,"2017029003 - RIZKA AMELIA ARMIN, M.Si",
15,18 0301 0086,Nursida,"Hukum Keluarga
(Akhwal Syakhsiyyah)",2018,N,15,0,24,96,0.00,3.30,,"2001027703 - Dr. FIRMAN MUHAMMAD ARIF, Lc., M.HI",
16,1903010004,YULIA,"Hukum Keluarga
(Akhwal Syakhsiyyah)",2019,N,13,0,24,48,0.00,0.00,,"2002057203 - Prof. Dr. A.
SUKMAWATI ASSAAD, S.AG., M.PD",
17,1903010007,LUSI,"Hukum Keluarga
(Akhwal Syakhsiyyah)",2019,N,13,0,24,150,0.00,3.67,,"2002057203 - Prof. Dr. A.
SUKMAWATI ASSAAD, S.AG., M.PD",
18,1903010016,JAGRATARA,"Hukum Keluarga
(Akhwal Syakhsiyyah)",2019,N,13,0,24,48,0.00,2.75,,"2002057203 - Prof. Dr. A.
SUKMAWATI ASSAAD, S.AG., M.PD",
19,1903010017,NUR SYAFINA,"Hukum Keluarga
(Akhwal Syakhsiyyah)",2019,N,13,0,24,150,0.00,3.48,,"2002057203 - Prof. Dr. A.
SUKMAWATI ASSAAD, S.AG., M.PD",
20,1903010019,NURFITRA,"Hukum Keluarga
(Akhwal Syakhsiyyah)",2019,N,13,0,24,48,0.00,0.00,,"2002057203 - Prof. Dr. A.
SUKMAWATI ASSAAD, S.AG., M.PD",
21,1903010026,RISKA HANDAYANI,"Hukum Keluarga
(Akhwal Syakhsiyyah)",2019,N,13,0,24,150,0.00,3.45,,"2002057203 - Prof. Dr. A.
SUKMAWATI ASSAAD, S.AG., M.PD",
22,1903010028,FAJRUL FALAKH,"Hukum Keluarga
(Akhwal Syakhsiyyah)",2019,N,13,0,24,156,0.00,3.34,,"2002057203 - Prof. Dr. A.
SUKMAWATI ASSAAD, S.AG., M.PD",
23,1903010031,ANNI',"Hukum Keluarga
(Akhwal Syakhsiyyah)",2019,N,13,0,24,96,0.00,3.50,,"2002057203 - Prof. Dr. A.
SUKMAWATI ASSAAD, S.AG., M.PD",
24,1903010034,NURUL HALIMATUSSA'DIYAH,"Hukum Keluarga
(Akhwal Syakhsiyyah)",2019,N,13,0,24,154,0.00,3.65,,"2015058001 - SABARUDDIN, S.HI., M.HI",
25,1903010035,SYAHRIANI,"Hukum Keluarga
(Akhwal Syakhsiyyah)",2019,N,13,0,24,150,0.00,3.39,,"2015058001 - SABARUDDIN, S.HI., M.HI",
26,1903010039,PEBY PRASETYA PRAKARSA,"Hukum Keluarga
(Akhwal Syakhsiyyah)",2019,N,13,0,24,48,0.00,3.26,,"2015058001 - SABARUDDIN, S.HI., M.HI",
27,1903010040,FADEL MUHAMMAD,"Hukum Keluarga
(Akhwal Syakhsiyyah)",2019,A,13,4,24,155,0.00,3.18,,"2015058001 - SABARUDDIN, S.HI., M.HI",
28,1903010041,NURMILA SARI,"Hukum Keluarga
(Akhwal Syakhsiyyah)",2019,N,13,0,24,72,0.00,3.53,,"2015058001 - SABARUDDIN, S.HI., M.HI",
29,1903010044,WARDA,"Hukum Keluarga
(Akhwal Syakhsiyyah)",2019,N,13,0,24,116,0.00,3.35,,"2015058001 - SABARUDDIN, S.HI., M.HI",
30,1903010045,UCCI ANDAYANI,"Hukum Keluarga
(Akhwal Syakhsiyyah)",2019,N,13,0,24,160,0.00,3.18,,"2015058001 - SABARUDDIN, S.HI., M.HI",
31,1903010048,PITRI MILADIA,"Hukum Keluarga
(Akhwal Syakhsiyyah)",2019,N,13,0,24,48,0.00,3.35,,"2015058001 - SABARUDDIN, S.HI., M.HI",
32,1903010051,SYAM WIJAYA PUTRA,"Hukum Keluarga
(Akhwal Syakhsiyyah)",2019,N,13,0,24,154,0.00,3.38,,"2015058001 - SABARUDDIN, S.HI., M.HI",
33,1903010052,SUKMA AYU,"Hukum Keluarga
(Akhwal Syakhsiyyah)",2019,A,13,4,24,151,0.00,3.38,,"2015058001 - SABARUDDIN, S.HI., M.HI",
34,1903010053,RAHMAT HIDAYAT,"Hukum Keluarga
(Akhwal Syakhsiyyah)",2019,N,13,0,24,134,0.00,3.10,,"2015058001 - SABARUDDIN, S.HI., M.HI",
35,1903010058,HASDA,"Hukum Keluarga
(Akhwal Syakhsiyyah)",2019,N,13,0,24,140,0.00,3.16,,"2015058001 - SABARUDDIN, S.HI., M.HI",
36,1903010060,ANDI TAWAKKAL RAMADHAN,"Hukum Keluarga
(Akhwal Syakhsiyyah)",2019,N,13,0,24,48,0.00,2.75,,"2015058001 - SABARUDDIN, S.HI., M.HI",
37,1903010062,MUSTIKA AYU J,"Hukum Keluarga
(Akhwal Syakhsiyyah)",2019,N,13,0,24,48,0.00,3.46,,"2015058001 - SABARUDDIN, S.HI., M.HI",
38,1903010063,MUH FAIZAL,"Hukum Keluarga
(Akhwal Syakhsiyyah)",2019,N,13,0,24,48,0.00,2.56,,"2015058001 - SABARUDDIN, S.HI., M.HI",
39,1903010064,DIAN FADILA,"Hukum Keluarga
(Akhwal Syakhsiyyah)",2019,N,13,0,24,48,0.00,2.63,,"2015058001 - SABARUDDIN, S.HI., M.HI",
40,1903010067,AHMAD USHULUDDIN,"Hukum Keluarga
(Akhwal Syakhsiyyah)",2019,N,13,0,24,48,0.00,3.07,,"2007037002 - Dr.,Dra. HELMI KAMAL, M.HI",
41,1903010069,SESIL DESWITA,"Hukum Keluarga
(Akhwal Syakhsiyyah)",2019,N,13,0,24,48,0.00,2.50,,"2007037002 - Dr.,Dra. HELMI KAMAL, M.HI",
42,1903010071,RIAN S,"Hukum Keluarga
(Akhwal Syakhsiyyah)",2019,N,13,0,24,162,0.00,2.89,,"2007037002 - Dr.,Dra. HELMI KAMAL, M.HI",
43,1903010073,MUH ALFATH RAMADHAN,"Hukum Keluarga
(Akhwal Syakhsiyyah)",2019,N,13,0,24,48,0.00,2.25,,"2007037002 - Dr.,Dra. HELMI KAMAL, M.HI",
44,1903010078,M. YUSUF SUNDY TABANG,"Hukum Keluarga
(Akhwal Syakhsiyyah)",2019,N,13,0,24,150,0.00,3.49,,"2007037002 - Dr.,Dra. HELMI KAMAL, M.HI",
45,1903010080,ANGGA HASRI,"Hukum Keluarga
(Akhwal Syakhsiyyah)",2019,N,13,0,24,102,0.00,3.34,,"2007037002 - Dr.,Dra. HELMI KAMAL, M.HI",
46,1903010082,ASDAR,"Hukum Keluarga
(Akhwal Syakhsiyyah)",2019,A,13,4,24,152,0.00,3.15,,"2007037002 - Dr.,Dra. HELMI KAMAL, M.HI",
48,1903010087,IRVAN,"Hukum Keluarga
(Akhwal Syakhsiyyah)",2019,N,13,0,24,150,0.00,3.42,,"2007037002 - Dr.,Dra. HELMI KAMAL, M.HI",
49,1903010088,NURUL JIHAD,"Hukum Keluarga
(Akhwal Syakhsiyyah)",2019,N,13,0,24,48,0.00,0.00,,"2007037002 - Dr.,Dra. HELMI KAMAL, M.HI",
50,1903010089,REGITA CAHYANI,"Hukum Keluarga
(Akhwal Syakhsiyyah)",2019,A,13,4,24,152,0.00,3.20,,"2007037002 - Dr.,Dra. HELMI KAMAL, M.HI",
51,1903010093,SYAHRUL,"Hukum Keluarga
(Akhwal Syakhsiyyah)",2019,N,13,0,24,154,0.00,3.50,,"2007037002 - Dr.,Dra. HELMI KAMAL, M.HI",
52,1903010098,SYAHRIL,"Hukum Keluarga
(Akhwal Syakhsiyyah)",2019,N,13,0,24,48,0.00,0.00,,"2007037002 - Dr.,Dra. HELMI KAMAL, M.HI",
53,1903010099,RIFAI RIDWAN,"Hukum Keluarga
(Akhwal Syakhsiyyah)",2019,N,13,0,24,52,0.00,3.09,,"2007037002 - Dr.,Dra. HELMI KAMAL, M.HI",
54,2003010004,NURILA SARIFUDDIN,"Hukum Keluarga
(Akhwal Syakhsiyyah)",2020,N,11,0,24,44,0.00,3.51,,"2016128401 - Dr. ARIFUDDIN, S.Pd.I., M.Pd.",
55,2003010010,NURUL ANNISA ALKEYZIA,"Hukum Keluarga
(Akhwal Syakhsiyyah)",2020,N,11,0,24,132,0.00,3.19,,"2002057203 - Prof. Dr. A.
SUKMAWATI ASSAAD, S.AG., M.PD",
56,2003010013,MUH AGUS ANUGRAH,"Hukum Keluarga
(Akhwal Syakhsiyyah)",2020,N,11,0,24,154,0.00,3.36,,"2002057203 - Prof. Dr. A.
SUKMAWATI ASSAAD, S.AG., M.PD",
57,2003010017,ANANDA JULIA CHAIDIN,"Hukum Keluarga
(Akhwal Syakhsiyyah)",2020,N,11,0,24,154,0.00,3.50,,"2015058001 - SABARUDDIN, S.HI., M.HI",
58,2003010021,INAS MASYA'IL,"Hukum Keluarga
(Akhwal Syakhsiyyah)",2020,N,11,0,24,24,0.00,3.56,,"2015058001 - SABARUDDIN, S.HI., M.HI",
59,2003010025,RESKY WIJAYA,"Hukum Keluarga
(Akhwal Syakhsiyyah)",2020,N,11,0,24,146,0.00,3.24,,"2015058001 - SABARUDDIN, S.HI., M.HI",
60,2003010027,ANNISA ASLI SUFID,"Hukum Keluarga
(Akhwal Syakhsiyyah)",2020,N,11,0,24,170,0.00,3.16,,"2015058001 - SABARUDDIN, S.HI., M.HI",
61,2003010032,DARMAWAN,"Hukum Keluarga
(Akhwal Syakhsiyyah)",2020,N,11,0,24,24,0.00,3.44,,"2002057203 - Prof. Dr. A.
SUKMAWATI ASSAAD, S.AG., M.PD",
62,2103010003,NUR AMILAN.S,"Hukum Keluarga
(Akhwal Syakhsiyyah)",2021,N,9,0,24,154,0.00,3.72,,"2030067402 - Dr. MUHAMMAD TAHMID NUR, M.Ag",
63,2103010004,KARINA,"Hukum Keluarga
(Akhwal Syakhsiyyah)",2021,A,9,4,24,150,0.00,3.57,,"2030067402 - Dr. MUHAMMAD TAHMID NUR, M.Ag",
64,2103010008,ANDI NURJANNAH,"Hukum Keluarga
(Akhwal Syakhsiyyah)",2021,N,9,0,24,24,0.00,3.33,,"2030067402 - Dr. MUHAMMAD TAHMID NUR, M.Ag",
65,2103010009,MUHAMMAD THARIQ SYAUQY MUZHAFFAR,"Hukum Keluarga
(Akhwal Syakhsiyyah)",2021,A,9,23,24,142,0.00,3.09,,"2030067402 - Dr. MUHAMMAD TAHMID NUR, M.Ag",
66,2103010010,SAFARUDDIN,"Hukum Keluarga
(Akhwal Syakhsiyyah)",2021,N,9,0,24,24,0.00,3.00,,"2030067402 - Dr. MUHAMMAD TAHMID NUR, M.Ag",
67,2103010011,ANDI TENRI BATARI RAHMAN,"Hukum Keluarga
(Akhwal Syakhsiyyah)",2021,A,9,4,24,152,0.00,3.25,,"2031125811 - Prof. Dr. HAMZAH K., M.HI",
68,2103010012,MAYA FEBRIANTI,"Hukum Keluarga
(Akhwal Syakhsiyyah)",2021,N,9,0,24,142,0.00,3.48,,"2031125811 - Prof. Dr. HAMZAH K., M.HI",
69,2103010013,WINDA RAWINTA,"Hukum Keluarga
(Akhwal Syakhsiyyah)",2021,N,9,0,24,72,0.00,3.52,,"2031125811 - Prof. Dr. HAMZAH K., M.HI",
70,2103010014,MUFIDAH MAHMUD,"Hukum Keluarga
(Akhwal Syakhsiyyah)",2021,A,9,4,24,150,0.00,3.46,,"2031125811 - Prof. Dr. HAMZAH K., M.HI",
71,2103010015,IMAM HIDAYAT,"Hukum Keluarga
(Akhwal Syakhsiyyah)",2021,N,9,0,24,24,0.00,3.25,,"2031125811 - Prof. Dr. HAMZAH K., M.HI",
72,2103010016,DEWI SARFIKA NENGSI,"Hukum Keluarga
(Akhwal Syakhsiyyah)",2021,A,9,4,24,167,0.00,3.21,,"2031125811 - Prof. Dr. HAMZAH K., M.HI",
73,2103010018,HARIONO,"Hukum Keluarga
(Akhwal Syakhsiyyah)",2021,N,9,0,24,150,0.00,3.59,,"2031125811 - Prof. Dr. HAMZAH K., M.HI",
74,2103010022,ARMY,"Hukum Keluarga
(Akhwal Syakhsiyyah)",2021,A,9,4,24,160,0.00,3.12,,"2031125811 - Prof. Dr. HAMZAH K., M.HI",
75,2103010026,Muh Fadhel Zacky Risal Syam,"Hukum Keluarga
(Akhwal Syakhsiyyah)",2021,N,9,0,24,138,0.00,3.11,,"2031125811 - Prof. Dr. HAMZAH K., M.HI",
77,2103010029,YUSMILASARI,"Hukum Keluarga
(Akhwal Syakhsiyyah)",2021,A,9,4,24,151,0.00,3.45,,"2031125811 - Prof. Dr. HAMZAH K., M.HI",
78,2103010030,MUH IRSAN HUSAIN,"Hukum Keluarga
(Akhwal Syakhsiyyah)",2021,N,9,4,24,150,0.00,3.34,,"2030067402 - Dr. MUHAMMAD TAHMID NUR, M.Ag",
79,"2103010031
Sapoetra, S.Kom., pada 14 Oktober",MUH. RAFLI,"Hukum Keluarga
(Akhwal Syakhsiyyah)",2021,N,9,0,24,154,0.00,3.41,,"2030067402 - Dr. MUHAMMAD TAHMID NUR, M.Ag",
80,2103010032,MUH. QAYYUM,"Hukum Keluarga
(Akhwal Syakhsiyyah)",2021,A,9,4,24,150,0.00,3.60,,"2030067402 - Dr. MUHAMMAD TAHMID NUR, M.Ag",
81,2103010033,DIAN RESA SUHARDI,"Hukum Keluarga
(Akhwal Syakhsiyyah)",2021,N,9,0,24,155,0.00,3.27,,"2030067402 - Dr. MUHAMMAD TAHMID NUR, M.Ag",
82,2103010036,Fauziah Rahmi Ihsan,"Hukum Keluarga
(Akhwal Syakhsiyyah)",2021,A,9,4,24,153,0.00,3.40,,"2031125811 - Prof. Dr. HAMZAH K., M.HI",
83,2103010037,SITTI SAKINA MIMBO,"Hukum Keluarga
(Akhwal Syakhsiyyah)",2021,N,9,0,24,118,0.00,3.44,,"2031125811 - Prof. Dr. HAMZAH K., M.HI",
84,2203010001,ADE PUTRI RAHAYU,"Hukum Keluarga
(Akhwal Syakhsiyyah)",2022,A,7,8,24,137,0.00,3.83,,"2021108901 - Syamsuddin, S.H.I., M.H.",
85,2203010002,ALFIN NUR HIDAYAH,"Hukum Keluarga
(Akhwal Syakhsiyyah)",2022,A,7,8,24,137,0.00,3.66,,"2021108901 - Syamsuddin, S.H.I., M.H.",
86,2203010003,HILDA,"Hukum Keluarga
(Akhwal Syakhsiyyah)",2022,A,7,8,24,137,0.00,3.96,,"2021108901 - Syamsuddin, S.H.I., M.H.",
87,2203010004,NURUL SALSABILA PATTY,"Hukum Keluarga
(Akhwal Syakhsiyyah)",2022,N,7,0,24,137,0.00,3.53,,"2021108901 - Syamsuddin, S.H.I., M.H.",
88,2203010005,AINUN JUNITA,"Hukum Keluarga
(Akhwal Syakhsiyyah)",2022,A,7,8,24,137,0.00,3.78,,"2021108901 - Syamsuddin, S.H.I., M.H.",
89,2203010006,VIA ANANTA SYAM,"Hukum Keluarga
(Akhwal Syakhsiyyah)",2022,A,7,10,24,137,0.00,3.52,,"2021108901 - Syamsuddin, S.H.I., M.H.",
90,2203010007,NUR AULIA MALIK,"Hukum Keluarga
(Akhwal Syakhsiyyah)",2022,A,7,8,24,137,0.00,3.72,,"2021108901 - Syamsuddin, S.H.I., M.H.",
91,2203010008,MIFTAHUL HAIRA,"Hukum Keluarga
(Akhwal Syakhsiyyah)",2022,A,7,8,24,137,0.00,3.59,,"2021108901 - Syamsuddin, S.H.I., M.H.",
92,2203010009,ULVARIANI,"Hukum Keluarga
(Akhwal Syakhsiyyah)",2022,A,7,8,24,137,0.00,3.86,,"2021108901 - Syamsuddin, S.H.I., M.H.",
93,2203010010,HAFZA,"Hukum Keluarga
(Akhwal Syakhsiyyah)",2022,A,7,8,24,137,0.00,3.61,,"2021108901 - Syamsuddin, S.H.I., M.H.",
94,2203010011,ANNISA,"Hukum Keluarga
(Akhwal Syakhsiyyah)",2022,A,7,8,24,137,0.00,3.47,,"2021108901 - Syamsuddin, S.H.I., M.H.",
95,2203010012,NUR WULANG SAMSIYA,"Hukum Keluarga
(Akhwal Syakhsiyyah)",2022,A,7,8,24,137,0.00,3.57,,"2021108901 - Syamsuddin, S.H.I., M.H.",
96,2203010013,MUH. ARDIANSYA,"Hukum Keluarga
(Akhwal Syakhsiyyah)",2022,A,7,8,24,137,0.00,3.82,,"2021108901 - Syamsuddin, S.H.I., M.H.",
97,2203010014,DIDI ARDIANSYAH,"Hukum Keluarga
(Akhwal Syakhsiyyah)",2022,N,7,0,24,65,0.00,3.24,,"2021108901 - Syamsuddin, S.H.I., M.H.",
98,2203010015,MUH.TAUFIK,"Hukum Keluarga
(Akhwal Syakhsiyyah)",2022,A,7,8,24,137,0.00,3.58,,"2021108901 - Syamsuddin, S.H.I., M.H.",
99,2203010016,ANDI FITRI HANDAYANI,"Hukum Keluarga
(Akhwal Syakhsiyyah)",2022,A,7,8,24,137,0.00,3.56,,"2021108901 - Syamsuddin, S.H.I., M.H.",
100,2203010017,LILIS NURHALIZAH,"Hukum Keluarga
(Akhwal Syakhsiyyah)",2022,A,7,8,24,137,0.00,3.96,,"2021108901 - Syamsuddin, S.H.I., M.H.",
,,,,,,,,,,,,,,
,,,,,,,,,,,,,,
,,,,,,,,,,,,,,
,,,,,,,,,,,,,,
,,,,,,,,,,,,,,
,,,,,,,,,,,,,,
,,,,,,,,,,,,,,
,,,,,,,,,,,,,,
,,,,,,,,,,,,,,
,,,,,,,,,,,,,,
,,,,,,,,,,,,,,
,,,,,,,,,,,,,,
,,,,,,,,,,,,,,
,,,,,,,,,,,,,,
,,,,,,,,,,,,,,
,,,,,,,,,,,,,,
,,,,,,,,,,,,,,
,,,,,,,,,,,,,,
,,,,,,,,,,,,,,
,,,,,,,,,,,,,,
,,,,,,,,,,,,,,
,,,,,,,,,,,,,,
,,,,,,,,,,,,,,
,,,,,,,,,,,,,,
,,,,,,,,,,,,,,
,,,,,,,,,,,,,,
,,,,,,,,,,,,,,
,,,,,,,,,,,,,,
,,,,,,,,,,,,,,
,,,,,,,,,,,,,,
,,,,,,,,,,,,,,
,,,,,,,,,,,,,,
,,,,,,,,,,,,,,
,,,,,,,,,,,,,,
,,,,,,,,,,,,,,
,,,,,,,,,,,,,,
,,,,,,,,,,,,,,
,,,,,,,,,,,,,,
,,,,,,,,,,,,,,
,,,,,,,,,,,,,,
,,,,,,,,,,,,,,
,,,,,,,,,,,,,,
,,,,,,,,,,,,,,
,,,,,,,,,,,,,,
,,,,,,,,,,,,,,
,,,,,,,,,,,,,,
,,,,,,,,,,,,,,
,,,,,,,,,,,,,,
,,,,,,,,,,,,,,
,,,,,,,,,,,,,,
,,,,,,,,,,,,,,
,,,,,,,,,,,,,,
,,,,,,,,,,,,,,
,,,,,,,,,,,,,,
,,,,,,,,,,,,,,
,,,,,,,,,,,,,,
,,,,,,,,,,,,,,
,,,,,,,,,,,,,,
,,,,,,,,,,,,,,
,,,,,,,,,,,,,,
,,,,,,,,,,,,,,
,,,,,,,,,,,,,,
,,,,,,,,,,,,,,
,,,,,,,,,,,,,,
,,,,,,,,,,,,,,
,,,,,,,,,,,,,,
,,,,,,,,,,,,,,
,,,,,,,,,,,,,,
,,,,,,,,,,,,,,
,,,,,,,,,,,,,,
,,,,,,,,,,,,,,
,,,,,,,,,,,,,,
,,,,,,,,,,,,,,
,,,,,,,,,,,,,,
,,,,,,,,,,,,,,
,,,,,,,,,,,,,,
,,,,,,,,,,,,,,
,,,,,,,,,,,,,,
,,,,,,,,,,,,,,
,,,,,,,,,,,,,,
,,,,,,,,,,,,,,
,,,,,,,,,,,,,,
,,,,,,,,,,,,,,
,,,,,,,,,,,,,,
,,,,,,,,,,,,,,
,,,,,,,,,,,,,,
,,,,,,,,,,,,,,
,,,,,,,,,,,,,,
,,,,,,,,,,,,,,
,,,,,,,,,,,,,,
,,,,,,,,,,,,,,
,,,,,,,,,,,,,,
,,,,,,,,,,,,,,
,,,,,,,,,,,,,,
,,,,,,,,,,,,,,
,,,,,,,,,,,,,,
,,,,,,,,,,,,,,
,,,,,,,,,,,,,,
,,,,,,,,,,,,,,
,,,,,,,,,,,,,,
,,,,,,,,,,,,,,
,,,,,,,,,,,,,,
,,,,,,,,,,,,,,
,,,,,,,,,,,,,,
,,,,,,,,,,,,,,
,,,,,,,,,,,,,,
,,,,,,,,,,,,,,
,,,,,,,,,,,,,,
,,,,,,,,,,,,,,
,,,,,,,,,,,,,,
,,,,,,,,,,,,,,
,,,,,,,,,,,,,,
,,,,,,,,,,,,,,
,,,,,,,,,,,,,,
,,,,,,,,,,,,,,
,,,,,,,,,,,,,,
,,,,,,,,,,,,,,
,,,,,,,,,,,,,,
,,,,,,,,,,,,,,
,,,,,,,,,,,,,,
,,,,,,,,,,,,,,
,,,,,,,,,,,,,,
,,,,,,,,,,,,,,
,,,,,,,,,,,,,,
,,,,,,,,,,,,,,
,,,,,,,,,,,,,,
,,,,,,,,,,,,,,
,,,,,,,,,,,,,,
,,,,,,,,,,,,,,
,,,,,,,,,,,,,,
,,,,,,,,,,,,,,
,,,,,,,,,,,,,,
,,,,,,,,,,,,,,
,,,,,,,,,,,,,,
,,,,,,,,,,,,,,
,,,,,,,,,,,,,,
,,,,,,,,,,,,,,
,,,,,,,,,,,,,,
,,,,,,,,,,,,,,
,,,,,,,,,,,,,,
,,,,,,,,,,,,,,
,,,,,,,,,,,,,,
,,,,,,,,,,,,,,
,,,,,,,,,,,,,,
,,,,,,,,,,,,,,
,,,,,,,,,,,,,,
,,,,,,,,,,,,,,
,,,,,,,,,,,,,,
,,,,,,,,,,,,,,
,,,,,,,,,,,,,,
,,,,,,,,,,,,,,
,,,,,,,,,,,,,,
,,,,,,,,,,,,,,
,,,,,,,,,,,,,,
,,,,,,,,,,,,,,
,,,,,,,,,,,,,,
,,,,,,,,,,,,,,
,,,,,,,,,,,,,,
,,,,,,,,,,,,,,
,,,,,,,,,,,,,,
,,,,,,,,,,,,,,
,,,,,,,,,,,,,,
,,,,,,,,,,,,,,
,,,,,,,,,,,,,,
,,,,,,,,,,,,,,
,,,,,,,,,,,,,,
,,,,,,,,,,,,,,
,,,,,,,,,,,,,,
,,,,,,,,,,,,,,
,,,,,,,,,,,,,,
,,,,,,,,,,,,,,
,,,,,,,,,,,,,,
,,,,,,,,,,,,,,
,,,,,,,,,,,,,,
,,,,,,,,,,,,,,
,,,,,,,,,,,,,,
,,,,,,,,,,,,,,
,,,,,,,,,,,,,,
,,,,,,,,,,,,,,
,,,,,,,,,,,,,,
,,,,,,,,,,,,,,
,,,,,,,,,,,,,,
,,,,,,,,,,,,,,
,,,,,,,,,,,,,,
,,,,,,,,,,,,,,
,,,,,,,,,,,,,,
,,,,,,,,,,,,,,
,,,,,,,,,,,,,,
,,,,,,,,,,,,,,
,,,,,,,,,,,,,,
,,,,,,,,,,,,,,
,,,,,,,,,,,,,,
,,,,,,,,,,,,,,
,,,,,,,,,,,,,,
,,,,,,,,,,,,,,
,,,,,,,,,,,,,,
,,,,,,,,,,,,,,
,,,,,,,,,,,,,,
,,,,,,,,,,,,,,
,,,,,,,,,,,,,,
,,,,,,,,,,,,,,
,,,,,,,,,,,,,,
,,,,,,,,,,,,,,
,,,,,,,,,,,,,,
,,,,,,,,,,,,,,
,,,,,,,,,,,,,,
,,,,,,,,,,,,,,
,,,,,,,,,,,,,,
,,,,,,,,,,,,,,
,,,,,,,,,,,,,,
,,,,,,,,,,,,,,
,,,,,,,,,,,,,,
,,,,,,,,,,,,,,
,,,,,,,,,,,,,,
,,,,,,,,,,,,,,
,,,,,,,,,,,,,,
,,,,,,,,,,,,,,
,,,,,,,,,,,,,,
,,,,,,,,,,,,,,
,,,,,,,,,,,,,,
,,,,,,,,,,,,,,
,,,,,,,,,,,,,,
,,,,,,,,,,,,,,
,,,,,,,,,,,,,,
,,,,,,,,,,,,,,
,,,,,,,,,,,,,,
,,,,,,,,,,,,,,
,,,,,,,,,,,,,,
,,,,,,,,,,,,,,
,,,,,,,,,,,,,,
,,,,,,,,,,,,,,
,,,,,,,,,,,,,,
,,,,,,,,,,,,,,
,,,,,,,,,,,,,,
,,,,,,,,,,,,,,
,,,,,,,,,,,,,,
,,,,,,,,,,,,,,
,,,,,,,,,,,,,,
,,,,,,,,,,,,,,
,,,,,,,,,,,,,,
,,,,,,,,,,,,,,
,,,,,,,,,,,,,,
,,,,,,,,,,,,,,
,,,,,,,,,,,,,,
,,,,,,,,,,,,,,
,,,,,,,,,,,,,,
,,,,,,,,,,,,,,
,,,,,,,,,,,,,,
,,,,,,,,,,,,,,
,,,,,,,,,,,,,,
,,,,,,,,,,,,,,
,,,,,,,,,,,,,,
,,,,,,,,,,,,,,
,,,,,,,,,,,,,,
,,,,,,,,,,,,,,
,,,,,,,,,,,,,,
,,,,,,,,,,,,,,
,,,,,,,,,,,,,,
,,,,,,,,,,,,,,
,,,,,,,,,,,,,,
,,,,,,,,,,,,,,
,,,,,,,,,,,,,,
,,,,,,,,,,,,,,
,,,,,,,,,,,,,,
,,,,,,,,,,,,,,
,,,,,,,,,,,,,,
,,,,,,,,,,,,,,
,,,,,,,,,,,,,,
,,,,,,,,,,,,,,
,,,,,,,,,,,,,,
,,,,,,,,,,,,,,
,,,,,,,,,,,,,,
,,,,,,,,,,,,,,
,,,,,,,,,,,,,,
,,,,,,,,,,,,,,
,,,,,,,,,,,,,,
,,,,,,,,,,,,,,
,,,,,,,,,,,,,,
,,,,,,,,,,,,,,
,,,,,,,,,,,,,,
,,,,,,,,,,,,,,
,,,,,,,,,,,,,,
,,,,,,,,,,,,,,
,,,,,,,,,,,,,,
,,,,,,,,,,,,,,
,,,,,,,,,,,,,,
,,,,,,,,,,,,,,
,,,,,,,,,,,,,,
,,,,,,,,,,,,,,
,,,,,,,,,,,,,,
,,,,,,,,,,,,,,
,,,,,,,,,,,,,,
,,,,,,,,,,,,,,
,,,,,,,,,,,,,,
,,,,,,,,,,,,,,
,,,,,,,,,,,,,,
,,,,,,,,,,,,,,
,,,,,,,,,,,,,,
,,,,,,,,,,,,,,
,,,,,,,,,,,,,,
,,,,,,,,,,,,,,
,,,,,,,,,,,,,,
,,,,,,,,,,,,,,
,,,,,,,,,,,,,,
,,,,,,,,,,,,,,
,,,,,,,,,,,,,,
,,,,,,,,,,,,,,
,,,,,,,,,,,,,,
,,,,,,,,,,,,,,
,,,,,,,,,,,,,,
,,,,,,,,,,,,,,
,,,,,,,,,,,,,,
,,,,,,,,,,,,,,
,,,,,,,,,,,,,,
,,,,,,,,,,,,,,
,,,,,,,,,,,,,,
,,,,,,,,,,,,,,
,,,,,,,,,,,,,,
,,,,,,,,,,,,,,
,,,,,,,,,,,,,,
,,,,,,,,,,,,,,
,,,,,,,,,,,,,,
,,,,,,,,,,,,,,
,,,,,,,,,,,,,,
,,,,,,,,,,,,,,
,,,,,,,,,,,,,,
,,,,,,,,,,,,,,
,,,,,,,,,,,,,,
,,,,,,,,,,,,,,
,,,,,,,,,,,,,,
,,,,,,,,,,,,,,
,,,,,,,,,,,,,,
,,,,,,,,,,,,,,
,,,,,,,,,,,,,,
,,,,,,,,,,,,,,
,,,,,,,,,,,,,,
,,,,,,,,,,,,,,
,,,,,,,,,,,,,,
,,,,,,,,,,,,,,
,,,,,,,,,,,,,,
,,,,,,,,,,,,,,
,,,,,,,,,,,,,,
,,,,,,,,,,,,,,
,,,,,,,,,,,,,,
,,,,,,,,,,,,,,
,,,,,,,,,,,,,,
,,,,,,,,,,,,,,
,,,,,,,,,,,,,,
,,,,,,,,,,,,,,
,,,,,,,,,,,,,,
,,,,,,,,,,,,,,
,,,,,,,,,,,,,,
,,,,,,,,,,,,,,
,,,,,,,,,,,,,,
,,,,,,,,,,,,,,
,,,,,,,,,,,,,,
,,,,,,,,,,,,,,
,,,,,,,,,,,,,,
,,,,,,,,,,,,,,
,,,,,,,,,,,,,,
,,,,,,,,,,,,,,
,,,,,,,,,,,,,,
,,,,,,,,,,,,,,
,,,,,,,,,,,,,,
,,,,,,,,,,,,,,
,,,,,,,,,,,,,,
,,,,,,,,,,,,,,
,,,,,,,,,,,,,,
,,,,,,,,,,,,,,
,,,,,,,,,,,,,,
,,,,,,,,,,,,,,
,,,,,,,,,,,,,,
,,,,,,,,,,,,,,
,,,,,,,,,,,,,,
,,,,,,,,,,,,,,
,,,,,,,,,,,,,,
,,,,,,,,,,,,,,
,,,,,,,,,,,,,,
,,,,,,,,,,,,,,
,,,,,,,,,,,,,,
,,,,,,,,,,,,,,
,,,,,,,,,,,,,,
,,,,,,,,,,,,,,
,,,,,,,,,,,,,,
,,,,,,,,,,,,,,
,,,,,,,,,,,,,,
,,,,,,,,,,,,,,
,,,,,,,,,,,,,,
,,,,,,,,,,,,,,
,,,,,,,,,,,,,,
,,,,,,,,,,,,,,
,,,,,,,,,,,,,,
,,,,,,,,,,,,,,
,,,,,,,,,,,,,,
,,,,,,,,,,,,,,
,,,,,,,,,,,,,,
,,,,,,,,,,,,,,
,,,,,,,,,,,,,,
,,,,,,,,,,,,,,
,,,,,,,,,,,,,,
,,,,,,,,,,,,,,
,,,,,,,,,,,,,,
,,,,,,,,,,,,,,
,,,,,,,,,,,,,,
,,,,,,,,,,,,,,
,,,,,,,,,,,,,,
,,,,,,,,,,,,,,
,,,,,,,,,,,,,,
,,,,,,,,,,,,,,
,,,,,,,,,,,,,,
,,,,,,,,,,,,,,
,,,,,,,,,,,,,,
,,,,,,,,,,,,,,
,,,,,,,,,,,,,,
,,,,,,,,,,,,,,
,,,,,,,,,,,,,,
,,,,,,,,,,,,,,
,,,,,,,,,,,,,,
,,,,,,,,,,,,,,
,,,,,,,,,,,,,,
,,,,,,,,,,,,,,
,,,,,,,,,,,,,,
,,,,,,,,,,,,,,
,,,,,,,,,,,,,,
,,,,,,,,,,,,,,
,,,,,,,,,,,,,,
,,,,,,,,,,,,,,
,,,,,,,,,,,,,,
,,,,,,,,,,,,,,
,,,,,,,,,,,,,,
,,,,,,,,,,,,,,
,,,,,,,,,,,,,,
,,,,,,,,,,,,,,
,,,,,,,,,,,,,,
,,,,,,,,,,,,,,
,,,,,,,,,,,,,,
,,,,,,,,,,,,,,
,,,,,,,,,,,,,,
,,,,,,,,,,,,,,
,,,,,,,,,,,,,,
,,,,,,,,,,,,,,
,,,,,,,,,,,,,,
,,,,,,,,,,,,,,
,,,,,,,,,,,,,,
,,,,,,,,,,,,,,
,,,,,,,,,,,,,,
,,,,,,,,,,,,,,
,,,,,,,,,,,,,,
,,,,,,,,,,,,,,
,,,,,,,,,,,,,,
,,,,,,,,,,,,,,
,,,,,,,,,,,,,,
,,,,,,,,,,,,,,
,,,,,,,,,,,,,,
,,,,,,,,,,,,,,
,,,,,,,,,,,,,,
,,,,,,,,,,,,,,
,,,,,,,,,,,,,,
,,,,,,,,,,,,,,
,,,,,,,,,,,,,,
,,,,,,,,,,,,,,
,,,,,,,,,,,,,,
,,,,,,,,,,,,,,
,,,,,,,,,,,,,,
,,,,,,,,,,,,,,
,,,,,,,,,,,,,,
,,,,,,,,,,,,,,
,,,,,,,,,,,,,,
,,,,,,,,,,,,,,
,,,,,,,,,,,,,,
,,,,,,,,,,,,,,
,,,,,,,,,,,,,,
,,,,,,,,,,,,,,
,,,,,,,,,,,,,,
,,,,,,,,,,,,,,
,,,,,,,,,,,,,,
,,,,,,,,,,,,,,
,,,,,,,,,,,,,,
,,,,,,,,,,,,,,
,,,,,,,,,,,,,,
,,,,,,,,,,,,,,
,,,,,,,,,,,,,,
,,,,,,,,,,,,,,
,,,,,,,,,,,,,,
,,,,,,,,,,,,,,
,,,,,,,,,,,,,,
,,,,,,,,,,,,,,
,,,,,,,,,,,,,,
,,,,,,,,,,,,,,
,,,,,,,,,,,,,,
,,,,,,,,,,,,,,
,,,,,,,,,,,,,,
,,,,,,,,,,,,,,
,,,,,,,,,,,,,,
,,,,,,,,,,,,,,
,,,,,,,,,,,,,,
,,,,,,,,,,,,,,
,,,,,,,,,,,,,,
,,,,,,,,,,,,,,
,,,,,,,,,,,,,,
,,,,,,,,,,,,,,
,,,,,,,,,,,,,,
,,,,,,,,,,,,,,
,,,,,,,,,,,,,,
,,,,,,,,,,,,,,
,,,,,,,,,,,,,,
,,,,,,,,,,,,,,
,,,,,,,,,,,,,,
,,,,,,,,,,,,,,
,,,,,,,,,,,,,,
,,,,,,,,,,,,,,
,,,,,,,,,,,,,,
,,,,,,,,,,,,,,
,,,,,,,,,,,,,,
,,,,,,,,,,,,,,
,,,,,,,,,,,,,,
,,,,,,,,,,,,,,
,,,,,,,,,,,,,,
,,,,,,,,,,,,,,
,,,,,,,,,,,,,,
,,,,,,,,,,,,,,
,,,,,,,,,,,,,,
,,,,,,,,,,,,,,
,,,,,,,,,,,,,,
,,,,,,,,,,,,,,
,,,,,,,,,,,,,,
,,,,,,,,,,,,,,
,,,,,,,,,,,,,,
,,,,,,,,,,,,,,
,,,,,,,,,,,,,,
,,,,,,,,,,,,,,
,,,,,,,,,,,,,,
,,,,,,,,,,,,,,
,,,,,,,,,,,,,,
,,,,,,,,,,,,,,
,,,,,,,,,,,,,,
,,,,,,,,,,,,,,
,,,,,,,,,,,,,,
,,,,,,,,,,,,,,
,,,,,,,,,,,,,,
,,,,,,,,,,,,,,
,,,,,,,,,,,,,,
,,,,,,,,,,,,,,
,,,,,,,,,,,,,,
,,,,,,,,,,,,,,
,,,,,,,,,,,,,,
,,,,,,,,,,,,,,
,,,,,,,,,,,,,,
,,,,,,,,,,,,,,
,,,,,,,,,,,,,,
,,,,,,,,,,,,,,
,,,,,,,,,,,,,,
,,,,,,,,,,,,,,
,,,,,,,,,,,,,,
,,,,,,,,,,,,,,
,,,,,,,,,,,,,,
,,,,,,,,,,,,,,
,,,,,,,,,,,,,,
,,,,,,,,,,,,,,
,,,,,,,,,,,,,,
,,,,,,,,,,,,,,
,,,,,,,,,,,,,,
,,,,,,,,,,,,,,
,,,,,,,,,,,,,,
,,,,,,,,,,,,,,
,,,,,,,,,,,,,,
,,,,,,,,,,,,,,
,,,,,,,,,,,,,,
,,,,,,,,,,,,,,
,,,,,,,,,,,,,,
,,,,,,,,,,,,,,
,,,,,,,,,,,,,,
,,,,,,,,,,,,,,
,,,,,,,,,,,,,,
,,,,,,,,,,,,,,
,,,,,,,,,,,,,,
,,,,,,,,,,,,,,
,,,,,,,,,,,,,,
,,,,,,,,,,,,,,
,,,,,,,,,,,,,,
,,,,,,,,,,,,,,
,,,,,,,,,,,,,,
,,,,,,,,,,,,,,
,,,,,,,,,,,,,,
,,,,,,,,,,,,,,
,,,,,,,,,,,,,,
,,,,,,,,,,,,,,
,,,,,,,,,,,,,,
,,,,,,,,,,,,,,
,,,,,,,,,,,,,,
,,,,,,,,,,,,,,
,,,,,,,,,,,,,,
,,,,,,,,,,,,,,
,,,,,,,,,,,,,,
,,,,,,,,,,,,,,
,,,,,,,,,,,,,,
,,,,,,,,,,,,,,
,,,,,,,,,,,,,,
,,,,,,,,,,,,,,
,,,,,,,,,,,,,,
,,,,,,,,,,,,,,
,,,,,,,,,,,,,,
,,,,,,,,,,,,,,
,,,,,,,,,,,,,,
,,,,,,,,,,,,,,
,,,,,,,,,,,,,,
,,,,,,,,,,,,,,
,,,,,,,,,,,,,,
,,,,,,,,,,,,,,
,,,,,,,,,,,,,,
,,,,,,,,,,,,,,
,,,,,,,,,,,,,,
,,,,,,,,,,,,,,
,,,,,,,,,,,,,,
,,,,,,,,,,,,,,
,,,,,,,,,,,,,,
,,,,,,,,,,,,,,
,,,,,,,,,,,,,,
,,,,,,,,,,,,,,
,,,,,,,,,,,,,,
,,,,,,,,,,,,,,
,,,,,,,,,,,,,,
,,,,,,,,,,,,,,
,,,,,,,,,,,,,,
,,,,,,,,,,,,,,
,,,,,,,,,,,,,,
,,,,,,,,,,,,,,
,,,,,,,,,,,,,,
,,,,,,,,,,,,,,
,,,,,,,,,,,,,,
,,,,,,,,,,,,,,
,,,,,,,,,,,,,,
,,,,,,,,,,,,,,
,,,,,,,,,,,,,,
,,,,,,,,,,,,,,
,,,,,,,,,,,,,,
,,,,,,,,,,,,,,
,,,,,,,,,,,,,,
,,,,,,,,,,,,,,
,,,,,,,,,,,,,,
,,,,,,,,,,,,,,
,,,,,,,,,,,,,,
,,,,,,,,,,,,,,
,,,,,,,,,,,,,,
,,,,,,,,,,,,,,
,,,,,,,,,,,,,,
,,,,,,,,,,,,,,
,,,,,,,,,,,,,,
,,,,,,,,,,,,,,
,,,,,,,,,,,,,,
,,,,,,,,,,,,,,
,,,,,,,,,,,,,,
,,,,,,,,,,,,,,
,,,,,,,,,,,,,,
,,,,,,,,,,,,,,
,,,,,,,,,,,,,,
,,,,,,,,,,,,,,
,,,,,,,,,,,,,,
,,,,,,,,,,,,,,
,,,,,,,,,,,,,,
,,,,,,,,,,,,,,
,,,,,,,,,,,,,,
,,,,,,,,,,,,,,
,,,,,,,,,,,,,,
,,,,,,,,,,,,,,
,,,,,,,,,,,,,,
,,,,,,,,,,,,,,
,,,,,,,,,,,,,,
,,,,,,,,,,,,,,
,,,,,,,,,,,,,,
,,,,,,,,,,,,,,
,,,,,,,,,,,,,,
,,,,,,,,,,,,,,
,,,,,,,,,,,,,,
,,,,,,,,,,,,,,
,,,,,,,,,,,,,,
,,,,,,,,,,,,,,
,,,,,,,,,,,,,,
,,,,,,,,,,,,,,
,,,,,,,,,,,,,,
,,,,,,,,,,,,,,
,,,,,,,,,,,,,,
,,,,,,,,,,,,,,
,,,,,,,,,,,,,,
,,,,,,,,,,,,,,
,,,,,,,,,,,,,,
,,,,,,,,,,,,,,
,,,,,,,,,,,,,,
,,,,,,,,,,,,,,
,,,,,,,,,,,,,,
,,,,,,,,,,,,,,
,,,,,,,,,,,,,,
,,,,,,,,,,,,,,
,,,,,,,,,,,,,,
,,,,,,,,,,,,,,
,,,,,,,,,,,,,,
,,,,,,,,,,,,,,
,,,,,,,,,,,,,,
,,,,,,,,,,,,,,
,,,,,,,,,,,,,,
,,,,,,,,,,,,,,
,,,,,,,,,,,,,,
,,,,,,,,,,,,,,
,,,,,,,,,,,,,,
,,,,,,,,,,,,,,
,,,,,,,,,,,,,,
,,,,,,,,,,,,,,
,,,,,,,,,,,,,,
,,,,,,,,,,,,,,
,,,,,,,,,,,,,,
,,,,,,,,,,,,,,
,,,,,,,,,,,,,,
,,,,,,,,,,,,,,
,,,,,,,,,,,,,,
,,,,,,,,,,,,,,
,,,,,,,,,,,,,,
,,,,,,,,,,,,,,
,,,,,,,,,,,,,,
,,,,,,,,,,,,,,
,,,,,,,,,,,,,,
,,,,,,,,,,,,,,
,,,,,,,,,,,,,,
,,,,,,,,,,,,,,
,,,,,,,,,,,,,,
,,,,,,,,,,,,,,
,,,,,,,,,,,,,,
,,,,,,,,,,,,,,
,,,,,,,,,,,,,,
,,,,,,,,,,,,,,
,,,,,,,,,,,,,,
,,,,,,,,,,,,,,
,,,,,,,,,,,,,,
,,,,,,,,,,,,,,
,,,,,,,,,,,,,,
,,,,,,,,,,,,,,
,,,,,,,,,,,,,,
,,,,,,,,,,,,,,
,,,,,,,,,,,,,,
,,,,,,,,,,,,,,
,,,,,,,,,,,,,,
,,,,,,,,,,,,,,
,,,,,,,,,,,,,,
,,,,,,,,,,,,,,
,,,,,,,,,,,,,,
,,,,,,,,,,,,,,
,,,,,,,,,,,,,,
,,,,,,,,,,,,,,
,,,,,,,,,,,,,,
,,,,,,,,,,,,,,
,,,,,,,,,,,,,,
,,,,,,,,,,,,,,
,,,,,,,,,,,,,,
,,,,,,,,,,,,,,
,,,,,,,,,,,,,,
,,,,,,,,,,,,,,
,,,,,,,,,,,,,,
,,,,,,,,,,,,,,
,,,,,,,,,,,,,,
,,,,,,,,,,,,,,
,,,,,,,,,,,,,,
,,,,,,,,,,,,,,
,,,,,,,,,,,,,,
,,,,,,,,,,,,,,
,,,,,,,,,,,,,,
,,,,,,,,,,,,,,
,,,,,,,,,,,,,,
,,,,,,,,,,,,,,
,,,,,,,,,,,,,,
,,,,,,,,,,,,,,
,,,,,,,,,,,,,,
,,,,,,,,,,,,,,
,,,,,,,,,,,,,,
,,,,,,,,,,,,,,
,,,,,,,,,,,,,,
,,,,,,,,,,,,,,
,,,,,,,,,,,,,,
,,,,,,,,,,,,,,
,,,,,,,,,,,,,,
,,,,,,,,,,,,,,
,,,,,,,,,,,,,,
,,,,,,,,,,,,,,
,,,,,,,,,,,,,,
,,,,,,,,,,,,,,
,,,,,,,,,,,,,,
,,,,,,,,,,,,,,
,,,,,,,,,,,,,,
,,,,,,,,,,,,,,
,,,,,,,,,,,,,,
,,,,,,,,,,,,,,
,,,,,,,,,,,,,,
,,,,,,,,,,,,,,
,,,,,,,,,,,,,,
,,,,,,,,,,,,,,
,,,,,,,,,,,,,,
,,,,,,,,,,,,,,
,,,,,,,,,,,,,,
,,,,,,,,,,,,,,
,,,,,,,,,,,,,,
,,,,,,,,,,,,,,
,,,,,,,,,,,,,,
,,,,,,,,,,,,,,
,,,,,,,,,,,,,,
,,,,,,,,,,,,,,
,,,,,,,,,,,,,,
,,,,,,,,,,,,,,
,,,,,,,,,,,,,,
,,,,,,,,,,,,,,
,,,,,,,,,,,,,,
,,,,,,,,,,,,,,
,,,,,,,,,,,,,,
,,,,,,,,,,,,,,
,,,,,,,,,,,,,,
,,,,,,,,,,,,,,
,,,,,,,,,,,,,,
,,,,,,,,,,,,,,
,,,,,,,,,,,,,,
,,,,,,,,,,,,,,
,,,,,,,,,,,,,,
,,,,,,,,,,,,,,
,,,,,,,,,,,,,,
,,,,,,,,,,,,,,
,,,,,,,,,,,,,,
,,,,,,,,,,,,,,
,,,,,,,,,,,,,,
,,,,,,,,,,,,,,
,,,,,,,,,,,,,,
,,,,,,,,,,,,,,
,,,,,,,,,,,,,,
,,,,,,,,,,,,,,
,,,,,,,,,,,,,,
,,,,,,,,,,,,,,
,,,,,,,,,,,,,,
,,,,,,,,,,,,,,
,,,,,,,,,,,,,,
,,,,,,,,,,,,,,
,,,,,,,,,,,,,,
,,,,,,,,,,,,,,
,,,,,,,,,,,,,,
,,,,,,,,,,,,,,
,,,,,,,,,,,,,,
,,,,,,,,,,,,,,
,,,,,,,,,,,,,,
,,,,,,,,,,,,,,
,,,,,,,,,,,,,,
,,,,,,,,,,,,,,
,,,,,,,,,,,,,,
,,,,,,,,,,,,,,
,,,,,,,,,,,,,,
,,,,,,,,,,,,,,
,,,,,,,,,,,,,,
,,,,,,,,,,,,,,
,,,,,,,,,,,,,,
,,,,,,,,,,,,,,
,,,,,,,,,,,,,,
,,,,,,,,,,,,,,
,,,,,,,,,,,,,,
,,,,,,,,,,,,,,
,,,,,,,,,,,,,,
,,,,,,,,,,,,,,
,,,,,,,,,,,,,,
,,,,,,,,,,,,,,
,,,,,,,,,,,,,,
,,,,,,,,,,,,,,
,,,,,,,,,,,,,,
,,,,,,,,,,,,,,
,,,,,,,,,,,,,,
,,,,,,,,,,,,,,
,,,,,,,,,,,,,,
,,,,,,,,,,,,,,
,,,,,,,,,,,,,,
,,,,,,,,,,,,,,
,,,,,,,,,,,,,,
,,,,,,,,,,,,,,
,,,,,,,,,,,,,,
,,,,,,,,,,,,,,
,,,,,,,,,,,,,,
,,,,,,,,,,,,,,
,,,,,,,,,,,,,,
,,,,,,,,,,,,,,
,,,,,,,,,,,,,,
,,,,,,,,,,,,,,
,,,,,,,,,,,,,,
,,,,,,,,,,,,,,
,,,,,,,,,,,,,,
,,,,,,,,,,,,,,
,,,,,,,,,,,,,,
,,,,,,,,,,,,,,
,,,,,,,,,,,,,,
,,,,,,,,,,,,,,
,,,,,,,,,,,,,,
,,,,,,,,,,,,,,
,,,,,,,,,,,,,,
,,,,,,,,,,,,,,
,,,,,,,,,,,,,,
,,,,,,,,,,,,,,
,,,,,,,,,,,,,,
,,,,,,,,,,,,,,
,,,,,,,,,,,,,,
,,,,,,,,,,,,,,
,,,,,,,,,,,,,,
,,,,,,,,,,,,,,
,,,,,,,,,,,,,,
,,,,,,,,,,,,,,
,,,,,,,,,,,,,,
,,,,,,,,,,,,,,
,,,,,,,,,,,,,,
,,,,,,,,,,,,,,
,,,,,,,,,,,,,,
,,,,,,,,,,,,,,
,,,,,,,,,,,,,,
,,,,,,,,,,,,,,
,,,,,,,,,,,,,,
,,,,,,,,,,,,,,
,,,,,,,,,,,,,,
,,,,,,,,,,,,,,
,,,,,,,,,,,,,,
,,,,,,,,,,,,,,
,,,,,,,,,,,,,,
,,,,,,,,,,,,,,
,,,,,,,,,,,,,,
,,,,,,,,,,,,,,
,,,,,,,,,,,,,,
,,,,,,,,,,,,,,
,,,,,,,,,,,,,,
,,,,,,,,,,,,,,
,,,,,,,,,,,,,,
,,,,,,,,,,,,,,
,,,,,,,,,,,,,,
,,,,,,,,,,,,,,
,,,,,,,,,,,,,,
,,,,,,,,,,,,,,
,,,,,,,,,,,,,,
,,,,,,,,,,,,,,
,,,,,,,,,,,,,,
,,,,,,,,,,,,,,
,,,,,,,,,,,,,,
,,,,,,,,,,,,,,
,,,,,,,,,,,,,,
,,,,,,,,,,,,,,
,,,,,,,,,,,,,,
,,,,,,,,,,,,,,
,,,,,,,,,,,,,,
,,,,,,,,,,,,,,
,,,,,,,,,,,,,,
,,,,,,,,,,,,,,
,,,,,,,,,,,,,,
,,,,,,,,,,,,,,
,,,,,,,,,,,,,,
,,,,,,,,,,,,,,
,,,,,,,,,,,,,,
,,,,,,,,,,,,,,
,,,,,,,,,,,,,,
,,,,,,,,,,,,,,
,,,,,,,,,,,,,,
,,,,,,,,,,,,,,
,,,,,,,,,,,,,,
,,,,,,,,,,,,,,
,,,,,,,,,,,,,,
,,,,,,,,,,,,,,
,,,,,,,,,,,,,,
,,,,,,,,,,,,,,
,,,,,,,,,,,,,,
,,,,,,,,,,,,,,
,,,,,,,,,,,,,,
,,,,,,,,,,,,,,
,,,,,,,,,,,,,,
,,,,,,,,,,,,,,
,,,,,,,,,,,,,,
,,,,,,,,,,,,,,
,,,,,,,,,,,,,,
,,,,,,,,,,,,,,
,,,,,,,,,,,,,,
,,,,,,,,,,,,,,
,,,,,,,,,,,,,,
,,,,,,,,,,,,,,
,,,,,,,,,,,,,,
,,,,,,,,,,,,,,
,,,,,,,,,,,,,,
,,,,,,,,,,,,,,
,,,,,,,,,,,,,,
,,,,,,,,,,,,,,
,,,,,,,,,,,,,,
,,,,,,,,,,,,,,
,,,,,,,,,,,,,,
,,,,,,,,,,,,,,
,,,,,,,,,,,,,,
,,,,,,,,,,,,,,
,,,,,,,,,,,,,,
,,,,,,,,,,,,,,
,,,,,,,,,,,,,,
,,,,,,,,,,,,,,
,,,,,,,,,,,,,,
,,,,,,,,,,,,,,
,,,,,,,,,,,,,,
,,,,,,,,,,,,,,
,,,,,,,,,,,,,,
,,,,,,,,,,,,,,
,,,,,,,,,,,,,,
,,,,,,,,,,,,,,
,,,,,,,,,,,,,,
,,,,,,,,,,,,,,
,,,,,,,,,,,,,,
,,,,,,,,,,,,,,
,,,,,,,,,,,,,,
,,,,,,,,,,,,,,
,,,,,,,,,,,,,,
,,,,,,,,,,,,,,
,,,,,,,,,,,,,,
,,,,,,,,,,,,,,
,,,,,,,,,,,,,,
,,,,,,,,,,,,,,
,,,,,,,,,,,,,,
,,,,,,,,,,,,,,
,,,,,,,,,,,,,,
,,,,,,,,,,,,,,
,,,,,,,,,,,,,,
,,,,,,,,,,,,,,
,,,,,,,,,,,,,,
,,,,,,,,,,,,,,
,,,,,,,,,,,,,,
,,,,,,,,,,,,,,
,,,,,,,,,,,,,,
,,,,,,,,,,,,,,
,,,,,,,,,,,,,,
,,,,,,,,,,,,,,
,,,,,,,,,,,,,,
,,,,,,,,,,,,,,
,,,,,,,,,,,,,,
,,,,,,,,,,,,,,
,,,,,,,,,,,,,,
,,,,,,,,,,,,,,
,,,,,,,,,,,,,,
,,,,,,,,,,,,,,
,,,,,,,,,,,,,,
,,,,,,,,,,,,,,
,,,,,,,,,,,,,,
,,,,,,,,,,,,,,
,,,,,,,,,,,,,,
,,,,,,,,,,,,,,
,,,,,,,,,,,,,,
,,,,,,,,,,,,,,
,,,,,,,,,,,,,,
,,,,,,,,,,,,,,
,,,,,,,,,,,,,,
,,,,,,,,,,,,,,
,,,,,,,,,,,,,,
,,,,,,,,,,,,,,
,,,,,,,,,,,,,,
